{"cameraMode":{"drawMode":0,"name":"Shaded","section":"Shading Mode"},"sceneLighting":false,"audioPlay":false,"sceneViewState":{"showFog":true,"showMaterialUpdate":true,"showSkybox":false,"showFlares":true,"showImageEffects":true,"showParticleSystems":true},"in2DMode":false,"pivot":{"x":0.25000011920928957,"y":0.2550008296966553,"z":0.0},"rotation":{"x":-0.13320954144001008,"y":-0.05438489466905594,"z":0.007321040611714125,"w":-0.9895675778388977},"size":9.972625732421875,"orthographic":false}