{"cameraMode":{"drawMode":0,"name":"Shaded","section":"Shading Mode"},"sceneLighting":false,"audioPlay":false,"sceneViewState":{"showFog":true,"showMaterialUpdate":false,"showSkybox":false,"showFlares":true,"showImageEffects":true,"showParticleSystems":true},"in2DMode":false,"pivot":{"x":0.25000011920928957,"y":0.2550004720687866,"z":8.0},"rotation":{"x":-0.2963525056838989,"y":0.23517850041389466,"z":-0.0755433440208435,"w":-0.9225830435752869},"size":17.472625732421876,"orthographic":false}